{
  "rmse": 75.45554456944052,
  "mae": 46.12500202461938
}